Team__1,Seed__1,Score__1,Rk_AdjEM__1,Conf__1,W-L__1,Wins__1,Losses__1,WinPct__1,AdjEM__1,AdjO__1,Rk_AdjO__1,AdjD__1,Rk_AdjD__1,AdjT__1,Rk_AdjT__1,Luck__1,Rk_Luck__1,SOS_AdjEM__1,Rk_SOS_AdjEM__1,SOS_AdjO__1,Rk_SOS_AdjO__1,SOS_AdjD__1,Rk_SOS_AdjD__1,NCSOS_AdjEM__1,Rk_NCSOS_AdjEM__1,Team__2,Seed__2,Score__2,Rk_AdjEM__2,Conf__2,W-L__2,Wins__2,Losses__2,WinPct__2,AdjEM__2,AdjO__2,Rk_AdjO__2,AdjD__2,Rk_AdjD__2,AdjT__2,Rk_AdjT__2,Luck__2,Rk_Luck__2,SOS_AdjEM__2,Rk_SOS_AdjEM__2,SOS_AdjO__2,Rk_SOS_AdjO__2,SOS_AdjD__2,Rk_SOS_AdjD__2,NCSOS_AdjEM__2,Rk_NCSOS_AdjEM__2,Winning_Team,Win__1
Florida State,9,54,35,ACC,20-11,20,11,0.6451612903225806,15.77,115.8,27,100.1,79,71.5,32,-0.032,265,7.9,54,109.0,60,101.1,34,-6.63,329,Michigan,3,58,10,B10,28-7,28,7,0.8,23.13,115.8,28,92.7,5,64.3,333,0.037,87,8.69,44,111.0,23,102.3,65,-4.5,299,Michigan,False
Villanova,1,71,2,BE,30-4,30,4,0.8823529411764706,31.35,127.4,1,96.0,24,68.2,169,-0.018,225,10.17,20,111.1,19,101.0,30,4.19,61,Texas Tech,3,59,12,B12,24-9,24,9,0.7272727272727273,22.0,114.0,45,92.0,3,66.5,252,-0.021,236,9.28,35,110.3,35,101.0,32,-5.07,312,Villanova,True
Kansas State,9,62,44,B12,22-11,22,11,0.6666666666666666,14.79,112.2,60,97.4,41,65.5,303,0.056,56,9.22,36,111.3,15,102.1,61,-6.13,323,Loyola Chicago,11,78,41,MVC,28-5,28,5,0.8484848484848485,15.13,111.3,68,96.2,26,65.2,312,0.058,53,0.06,141,103.7,229,103.6,88,-5.47,315,Loyola Chicago,False
Kansas,1,85,9,B12,27-7,27,7,0.7941176470588235,23.28,121.0,6,97.7,46,68.3,164,0.06,50,11.5,6,111.5,11,100.0,11,3.67,76,Duke,2,81,3,ACC,26-7,26,7,0.7878787878787878,29.03,122.5,3,93.5,7,69.9,78,-0.029,261,10.75,14,110.8,27,100.0,10,4.38,56,Kansas,True
