Team__1,Seed__1,Score__1,Rk_AdjEM__1,Conf__1,W-L__1,Wins__1,Losses__1,WinPct__1,AdjEM__1,AdjO__1,Rk_AdjO__1,AdjD__1,Rk_AdjD__1,AdjT__1,Rk_AdjT__1,Luck__1,Rk_Luck__1,SOS_AdjEM__1,Rk_SOS_AdjEM__1,SOS_AdjO__1,Rk_SOS_AdjO__1,SOS_AdjD__1,Rk_SOS_AdjD__1,NCSOS_AdjEM__1,Rk_NCSOS_AdjEM__1,Team__2,Seed__2,Score__2,Rk_AdjEM__2,Conf__2,W-L__2,Wins__2,Losses__2,WinPct__2,AdjEM__2,AdjO__2,Rk_AdjO__2,AdjD__2,Rk_AdjD__2,AdjT__2,Rk_AdjT__2,Luck__2,Rk_Luck__2,SOS_AdjEM__2,Rk_SOS_AdjEM__2,SOS_AdjO__2,Rk_SOS_AdjO__2,SOS_AdjD__2,Rk_SOS_AdjD__2,NCSOS_AdjEM__2,Rk_NCSOS_AdjEM__2,Winning_Team,Win__1
Gonzaga,1,85,1,WCC,26-0,26,0,1.0,36.62,126.1,1,89.5,9,74.7,4,0.018,135,7.88,96,105.9,98,98.0,97,6.14,106,USC,6,66,14,P12,22-7,22,7,0.7586206896551724,22.36,113.0,28,90.6,20,67.3,236,-0.006,193,11.34,63,108.3,57,97.0,68,5.11,128,Gonzaga,True
Michigan,1,49,2,B10,20-4,20,4,0.8333333333333334,30.65,119.4,6,88.8,7,66.8,260,0.026,116,16.79,15,111.4,12,94.6,19,2.72,165,UCLA,11,51,43,P12,18-9,18,9,0.6666666666666666,16.29,114.2,18,97.9,95,64.6,334,0.033,101,12.2,54,108.7,51,96.5,57,9.16,67,UCLA,False
Baylor,1,81,4,B12,22-2,22,2,0.9166666666666666,29.56,123.4,3,93.8,44,68.4,180,0.05,67,9.7,78,106.6,89,96.9,64,-4.0,269,Arkansas,3,72,18,SEC,22-6,22,6,0.7857142857142857,21.61,111.6,35,90.0,14,73.1,17,0.056,56,11.34,62,108.3,55,97.0,69,-5.13,282,Baylor,True
Oregon State,12,61,84,P12,17-12,17,12,0.5862068965517241,10.32,109.5,63,99.1,117,65.4,315,0.075,38,11.38,61,108.8,50,97.4,80,-6.06,291,Houston,2,67,5,Amer,24-3,24,3,0.8888888888888888,28.95,119.0,7,90.1,15,64.9,326,-0.009,201,6.77,105,103.9,148,97.2,74,1.85,186,Houston,False
