Team__1,Seed__1,Score__1,Rk_AdjEM__1,Conf__1,W-L__1,Wins__1,Losses__1,WinPct__1,AdjEM__1,AdjO__1,Rk_AdjO__1,AdjD__1,Rk_AdjD__1,AdjT__1,Rk_AdjT__1,Luck__1,Rk_Luck__1,SOS_AdjEM__1,Rk_SOS_AdjEM__1,SOS_AdjO__1,Rk_SOS_AdjO__1,SOS_AdjD__1,Rk_SOS_AdjD__1,NCSOS_AdjEM__1,Rk_NCSOS_AdjEM__1,Team__2,Seed__2,Score__2,Rk_AdjEM__2,Conf__2,W-L__2,Wins__2,Losses__2,WinPct__2,AdjEM__2,AdjO__2,Rk_AdjO__2,AdjD__2,Rk_AdjD__2,AdjT__2,Rk_AdjT__2,Luck__2,Rk_Luck__2,SOS_AdjEM__2,Rk_SOS_AdjEM__2,SOS_AdjO__2,Rk_SOS_AdjO__2,SOS_AdjD__2,Rk_SOS_AdjD__2,NCSOS_AdjEM__2,Rk_NCSOS_AdjEM__2,Winning_Team,Win__1
Auburn,1,70,4,SEC,28-5,28,5,0.8484848484848485,35.05,128.4,2,93.4,12,67.6,153,0.03,100,18.97,2,117.1,2,98.1,2,10.08,19,Michigan State,2,64,8,B10,27-6,27,6,0.8181818181818182,27.57,118.1,27,90.6,5,67.7,144,-0.009,206,13.34,27,114.2,24,100.8,39,0.33,160,Auburn,True
Florida,1,84,2,SEC,30-4,30,4,0.8823529411764706,36.16,128.6,1,92.4,10,69.6,59,0.007,159,14.42,17,114.5,17,100.0,19,-2.02,234,Texas Tech,3,79,7,B12,25-8,25,8,0.7575757575757576,28.05,125.3,6,97.2,37,65.4,281,-0.045,293,11.25,50,111.8,57,100.6,31,-4.63,306,Florida,True
Duke,1,85,1,ACC,31-3,31,3,0.9117647058823528,38.16,128.0,3,89.8,4,65.7,266,-0.019,229,10.03,56,112.4,48,102.4,63,9.31,21,Alabama,2,65,6,SEC,25-8,25,8,0.7575757575757576,29.93,126.5,4,96.6,32,74.9,1,0.029,103,19.49,1,118.2,1,98.7,3,11.76,10,Duke,True
Houston,1,69,3,B12,30-4,30,4,0.8823529411764706,35.44,123.2,10,87.8,2,61.4,360,0.015,137,13.66,24,113.5,34,99.9,17,2.56,100,Tennessee,2,50,5,SEC,27-7,27,7,0.7941176470588235,31.15,120.3,18,89.1,3,63.6,346,0.016,134,15.95,6,116.6,4,100.7,32,-0.88,202,Houston,True
