Team__1,Seed__1,Score__1,Rk_AdjEM__1,Conf__1,W-L__1,Wins__1,Losses__1,WinPct__1,AdjEM__1,AdjO__1,Rk_AdjO__1,AdjD__1,Rk_AdjD__1,AdjT__1,Rk_AdjT__1,Luck__1,Rk_Luck__1,SOS_AdjEM__1,Rk_SOS_AdjEM__1,SOS_AdjO__1,Rk_SOS_AdjO__1,SOS_AdjD__1,Rk_SOS_AdjD__1,NCSOS_AdjEM__1,Rk_NCSOS_AdjEM__1,Team__2,Seed__2,Score__2,Rk_AdjEM__2,Conf__2,W-L__2,Wins__2,Losses__2,WinPct__2,AdjEM__2,AdjO__2,Rk_AdjO__2,AdjD__2,Rk_AdjD__2,AdjT__2,Rk_AdjT__2,Luck__2,Rk_Luck__2,SOS_AdjEM__2,Rk_SOS_AdjEM__2,SOS_AdjO__2,Rk_SOS_AdjO__2,SOS_AdjD__2,Rk_SOS_AdjD__2,NCSOS_AdjEM__2,Rk_NCSOS_AdjEM__2,Winning_Team,Win__1
Arizona,1,63,3,P12,30-4,30,4,0.8823529411764706,25.5,112.7,36,87.2,1,64.3,274,0.024,124,7.1,12,108.3,26,101.2,30,,99,Wisconsin,2,64,12,B10,26-7,26,7,0.7878787878787878,20.1,119.0,5,98.9,60,64.3,272,0.02,135,8.2,5,108.2,34,100.0,3,,73,Wisconsin,False
Michigan State,4,54,11,B10,26-8,26,8,0.7647058823529411,20.3,117.0,11,96.7,42,65.7,213,-0.009,207,7.5,9,108.3,25,100.8,13,,155,UConn,7,60,25,Amer,26-8,26,8,0.7647058823529411,16.6,109.5,77,92.9,11,65.0,247,0.059,53,6.0,29,107.5,55,101.5,38,,174,UConn,False
Florida,1,62,2,SEC,32-2,32,2,0.9411764705882352,26.3,116.1,15,89.8,4,63.2,314,0.059,52,7.1,13,107.8,45,100.7,11,,93,Dayton,11,52,41,A10,23-10,23,10,0.696969696969697,12.0,113.3,33,101.3,97,65.2,237,0.019,139,3.8,39,106.3,94,102.5,83,,199,Florida,True
Kentucky,8,75,14,SEC,24-10,24,10,0.7058823529411765,19.2,115.3,17,96.1,26,66.0,193,-0.06,309,7.7,7,108.6,18,100.9,15,,62,Michigan,2,72,13,B10,25-8,25,8,0.7575757575757576,20.0,121.9,3,101.9,110,62.8,326,0.055,65,8.3,4,108.3,27,100.0,4,,158,Kentucky,True
